{"stat.useItem.minecraft.noteblock":270,"stat.useItem.minecraft.lapis_block":41,"stat.walkOneCm":245261,"stat.useItem.minecraft.torch":32,"stat.useItem.minecraft.stone":181,"stat.leaveGame":5,"stat.useItem.minecraft.bedrock":6,"stat.jump":301,"stat.useItem.minecraft.sand":133,"stat.useItem.minecraft.planks":204,"stat.fallOneCm":757,"stat.crouchOneCm":58,"stat.useItem.minecraft.dirt":223,"stat.sprintOneCm":33587,"achievement.exploreAllBiomes":{"value":0,"progress":["Plains"]},"stat.useItem.minecraft.glass":214,"stat.useItem.minecraft.golden_sword":10,"achievement.openInventory":59,"stat.damageTaken":10,"stat.mineBlock.minecraft.torch":2,"stat.mobKills":11,"stat.flyOneCm":351008,"stat.playOneMinute":179104,"stat.killEntity.Sheep":5,"stat.damageDealt":1495,"stat.timeSinceDeath":179104,"stat.killEntity.Cow":6,"stat.useItem.minecraft.sign":9}